Workbook
Name Slicer_Location: #N/A
Name Slicer_Location1: #N/A

Sheet Raw Data
A1: Name | B1: Email | C1: Phone | D1: Location | E1: Date of Purchase | F1: Product | G1: Quantity | H1: Price | I1: Amount
A2: EMEKA SANNI | B2: emeka.sanni41@outlook.com | C2: 08452984153 | D2: IBADAN | E2: 2024-01-19 | F2: WRIST WATCH | G2: 4 | H2: 35000 | I2: =H2*G2 -> 140000
A3: blessing adekunle | B3: blessing.adekunle@yahoo.com | C3: 0446-049-5660 | D3: port harcourt | E3: 10/05/2024 | F3: SMARTPHONE | G3: 5 | H3: 250000 | I3: =H3*G3 -> 1250000
A4: musa chukwu | B4: musa.chukwu@yahoo.com | C4: 04634786122 | D4: KANO | E4: 17/02/2024 | F4: HANDBAG | G4: 3 | H4: 5000 | I4: =H4*G4 -> 15000
A5: CHUKWUDI OKORO | B5: chukwudi.okoro@gmail.com | D5: Kano | E5: 27/03/2024 | F5: HANDBAG | G5: 5 | H5: 5000 | I5: =H5*G5 -> 25000
A6: NGOZI IBRAHIM | B6: NGOZI.IBRAHIM@YAHOO.COM | C6: 0889-148-6546 | D6: KANO | E6: 2024-02-28 | F6: Smartphone | G6: 3 | H6: 250000 | I6: =H6*G6 -> 750000
A7: wale okoro | B7: wale.okoro@yahoo.com | D7: ENUGU | E7: 02/06/2024 | F7: Blender | G7: 5 | H7: 10000 | I7: =H7*G7 -> 50000
A8: ADAEZE ABUBAKAR | B8: adaeze.abubakar@outlook.com | C8: 0053-446-8826 | D8: Enugu | E8: 2024-02-07 | F8: smartphone | G8: 1 | H8: 250000 | I8: =H8*G8 -> 250000
A9: chinedu balogun | C9: 06199582254 | D9: abuja | E9: 2024-05-13 | F9: Blender | G9: 1 | H9: 10000 | I9: =H9*G9 -> 10000
A10: AISHA BALOGUN | B10: aisha.balogun@outlook.com | C10: 0051-697-8464 | D10: ibadan | E10: 2024-01-04 | F10: SMARTPHONE | G10: 1 | H10: 250000 | I10: =H10*G10 -> 250000
A11: IBRAHIM ABUBAKAR | B11: IBRAHIM.ABUBAKAR@GMAIL.COM | C11: 09139099603 | D11: Abuja | E11: 2024-05-13 | F11: Headphones | G11: 2 | H11: 70000 | I11: =H11*G11 -> 140000
A12: KUNLE OBI | B12: kunle.obi@gmail.com | D12: lagos | E12: 12/02/2024 | F12: Blender | G12: 2 | H12: 10000 | I12: =H12*G12 -> 20000
A13: Bisi Sanni | B13: bisi.sanni@yahoo.com | D13: Ibadan | E13: 28/04/2024 | F13: Blender | G13: 2 | H13: 10000 | I13: =H13*G13 -> 20000
A14: emeka okafor | B14: EMEKA.OKAFOR@GMAIL.COM | C14: 0776-467-2720 | D14: ENUGU | E14: 17/06/2024 | F14: Wrist Watch | G14: 1 | H14: 35000 | I14: =H14*G14 -> 35000
A15: abdullahi chukwu | B15: abdullahi.chukwu@yahoo.com | C15: 0352-056-1748 | D15: abuja | E15: 2024-05-19 | F15: wrist watch | G15: 1 | H15: 35000 | I15: =H15*G15 -> 35000
A16: toyin nwosu | B16: TOYIN.NWOSU@GMAIL.COM | C16: 0718-818-1741 | D16: abuja | E16: 2024-06-26 | F16: television | G16: 3 | H16: 300000 | I16: =H16*G16 -> 900000
A17: Halima Adeyemi | B17: HALIMA.ADEYEMI@OUTLOOK.COM | D17: Ibadan | E17: 2024-05-09 | F17: SNEAKERS | G17: 3 | H17: 40000 | I17: =H17*G17 -> 120000
A18: BUKOLA UMEH | B18: bukola.umeh@yahoo.com | C18: 07628331258 | D18: ABUJA | E18: 10/01/2024 | F18: Television | G18: 1 | H18: 300000 | I18: =H18*G18 -> 300000
A19: CHIDINMA BALOGUN | C19: 0865-797-5432 | D19: ABUJA | E19: 09/06/2024 | F19: Headphones | G19: 3 | H19: 70000 | I19: =H19*G19 -> 210000
A20: Chidinma Okafor | B20: chidinma.okafor@outlook.com | C20: 03100251678 | D20: lagos | E20: 14/01/2024 | F20: headphones | G20: 3 | H20: 70000 | I20: =H20*G20 -> 210000
A21: SANI OKAFOR | B21: sani.okafor@gmail.com | C21: 09022279180 | D21: Kano | E21: 11/05/2024 | F21: Smartphone | G21: 1 | H21: 250000 | I21: =H21*G21 -> 250000
A22: sani abubakar | B22: sani.abubakar78@outlook.com | C22: 0620-191-3274 | D22: Abuja | E22: 2024-05-22 | F22: Handbag | G22: 7 | H22: 5000 | I22: =H22*G22 -> 35000
A23: precious nwosu | B23: precious.nwosu@gmail.com | C23: 07010737504 | D23: lagos | E23: 2024-05-28 | F23: HEADPHONES | G23: 4 | H23: 70000 | I23: =H23*G23 -> 280000
A24: halima nwachukwu | B24: HALIMA.NWACHUKWU@YAHOO.COM | C24: 0777-412-1547 | D24: ABUJA | E24: 18/01/2024 | F24: Sneakers | G24: 4 | H24: 40000 | I24: =H24*G24 -> 160000
A25: RUKAYAT ADEYEMI | B25: rukayat.adeyemi@gmail.com | C25: 0309-260-0267 | E25: 24/05/2024 | F25: Sneakers | G25: 1 | H25: 40000 | I25: =H25*G25 -> 40000
A26: Aisha Umeh | B26: AISHA.UMEH@GMAIL.COM | C26: 06133310014 | D26: Abuja | E26: 18/01/2024 | F26: Laptop | G26: 3 | H26: 350000 | I26: =H26*G26 -> 1050000
A27: Obinna Nwosu | B27: OBINNA.NWOSU@OUTLOOK.COM | C27: 02650201462 | D27: Enugu | E27: 11/05/2024 | F27: blender | G27: 4 | H27: 10000 | I27: =H27*G27 -> 40000
A28: CHIAMAKA SANNI | B28: chiamaka.sanni@yahoo.com | C28: 0738-344-9223 | D28: Kano | E28: 08/01/2024 | F28: WRIST WATCH | G28: 1 | H28: 35000 | I28: =H28*G28 -> 35000
A29: Chukwudi Obi | B29: chukwudi.obi@outlook.com | C29: 0075-116-3726 | D29: Port Harcourt | E29: 26/05/2024 | F29: laptop | G29: 3 | H29: 350000 | I29: =H29*G29 -> 1050000
A30: funke suleiman | B30: funke.suleiman@outlook.com | C30: 09059582785 | E30: 2024-06-14 | F30: laptop | G30: 1 | H30: 350000 | I30: =H30*G30 -> 350000
A31: segun obi | B31: SEGUN.OBI@YAHOO.COM | C31: 0724-920-8682 | D31: kano | E31: 15/06/2024 | F31: smartphone | G31: 5 | H31: 250000 | I31: =H31*G31 -> 1250000
A32: kelechi obi | B32: kelechi.obi@yahoo.com | C32: 09873200080 | D32: abuja | E32: 15/06/2024 | F32: blender | G32: 5 | H32: 10000 | I32: =H32*G32 -> 50000
A33: Ibrahim Sanni | B33: IBRAHIM.SANNI@OUTLOOK.COM | C33: 0620-579-8682 | D33: kano | E33: 2024-05-15 | F33: wrist watch | G33: 4 | H33: 35000 | I33: =H33*G33 -> 140000
A34: Chiamaka Yusuf | C34: 0332-493-5164 | D34: Kano | E34: 15/01/2024 | F34: Wrist Watch | G34: 5 | H34: 35000 | I34: =H34*G34 -> 175000
A35: Wale Chukwu | B35: wale.chukwu@outlook.com | C35: 0983-478-8783 | D35: PORT HARCOURT | E35: 26/01/2024 | F35: LAPTOP | G35: 4 | H35: 350000 | I35: =H35*G35 -> 1400000
A36: Funke Obi | B36: funke.obi@gmail.com | D36: Abuja | E36: 25/06/2024 | F36: Wrist Watch | G36: 4 | H36: 35000 | I36: =H36*G36 -> 140000
A37: Chiamaka Yusuf | C37: 0332-493-5164 | D37: Kano | E37: 15/01/2024 | F37: Wrist Watch | G37: 5 | H37: 35000 | I37: =H37*G37 -> 175000
A38: Abdullahi Yusuf | B38: ABDULLAHI.YUSUF@GMAIL.COM | C38: 0616-751-3613 | D38: lagos | E38: 08/06/2024 | F38: BLENDER | G38: 2 | H38: 10000 | I38: =H38*G38 -> 20000
A39: CHIAMAKA AFOLABI | B39: chiamaka.afolabi9@yahoo.com | C39: 0859-952-8907 | E39: 2024-05-05 | F39: Handbag | G39: 3 | H39: 5000 | I39: =H39*G39 -> 15000
A40: FATIMA ABUBAKAR | B40: fatima.abubakar@yahoo.com | C40: 03287046557 | D40: LAGOS | E40: 16/04/2024 | F40: Television | G40: 1 | H40: 300000 | I40: =H40*G40 -> 300000
A41: zainab yusuf | B41: zainab.yusuf@gmail.com | D41: LAGOS | E41: 26/05/2024 | F41: television | G41: 4 | H41: 300000 | I41: =H41*G41 -> 1200000
A42: chiamaka sanni | B42: chiamaka.sanni@yahoo.com | C42: 03372117815 | D42: IBADAN | E42: 2024-01-12 | F42: SMARTPHONE | G42: 3 | H42: 250000 | I42: =H42*G42 -> 750000
A43: NGOZI IBRAHIM | B43: NGOZI.IBRAHIM@YAHOO.COM | C43: 0889-148-6546 | D43: KANO | E43: 2024-02-28 | F43: Smartphone | G43: 3 | H43: 250000 | I43: =H43*G43 -> 750000
A44: Segun Ibrahim | B44: SEGUN.IBRAHIM@GMAIL.COM | C44: 07316723268 | D44: Ibadan | E44: 27/03/2024 | F44: laptop | G44: 2 | H44: 350000 | I44: =H44*G44 -> 700000
A45: wale yusuf | B45: wale.yusuf@outlook.com | C45: 0706-360-6071 | D45: Lagos | E45: 17/04/2024 | F45: HEADPHONES | G45: 1 | H45: 70000 | I45: =H45*G45 -> 70000
A46: Fatima Umeh | B46: FATIMA.UMEH@GMAIL.COM | C46: 0704-718-7463 | D46: Abuja | E46: 2024-02-21 | F46: Wrist Watch | G46: 5 | H46: 35000 | I46: =H46*G46 -> 175000
A47: Segun Ibrahim | B47: SEGUN.IBRAHIM@GMAIL.COM | C47: 0732-904-8449 | D47: PORT HARCOURT | E47: 11/05/2024 | F47: WRIST WATCH | G47: 4 | H47: 35000 | I47: =H47*G47 -> 140000
A48: Precious Okafor | B48: precious.okafor@outlook.com | D48: Port Harcourt | E48: 24/01/2024 | F48: Laptop | G48: 3 | H48: 350000 | I48: =H48*G48 -> 1050000
A49: Ngozi Yusuf | B49: ngozi.yusuf@gmail.com | C49: 0366-712-7684 | E49: 21/06/2024 | F49: smartphone | G49: 2 | H49: 250000 | I49: =H49*G49 -> 500000
A50: amaka bello | B50: amaka.bello@gmail.com | C50: 09575513137 | D50: ABUJA | E50: 2024-02-27 | F50: Blender | G50: 5 | H50: 10000 | I50: =H50*G50 -> 50000
A51: sani okafor | B51: sani.okafor34@gmail.com | C51: 0269-060-4431 | D51: kano | E51: 16/03/2024 | F51: WRIST WATCH | G51: 5 | H51: 35000 | I51: =H51*G51 -> 175000
A52: AISHA OBI | B52: aisha.obi@outlook.com | C52: 0315-827-9401 | D52: Enugu | E52: 2024-02-21 | F52: Handbag | G52: 4 | H52: 5000 | I52: =H52*G52 -> 20000
A53: EMEKA EZE | B53: EMEKA.EZE@GMAIL.COM | C53: 01144024264 | D53: kano | E53: 19/03/2024 | F53: SNEAKERS | G53: 5 | H53: 40000 | I53: =H53*G53 -> 200000
A54: emeka bello | B54: EMEKA.BELLO@YAHOO.COM | C54: 0058-649-2083 | E54: 2024-01-17 | F54: SMARTPHONE | G54: 4 | H54: 250000 | I54: =H54*G54 -> 1000000
A55: NGOZI BELLO | B55: ngozi.bello@outlook.com | C55: 0423-468-5356 | D55: Enugu | E55: 01/02/2024 | F55: wrist watch | G55: 4 | H55: 35000 | I55: =H55*G55 -> 140000
A56: CHINEDU OKAFOR | C56: 03943699192 | D56: LAGOS | E56: 2024-01-14 | F56: television | G56: 5 | H56: 300000 | I56: =H56*G56 -> 1500000
A57: BISI ADEKUNLE | B57: bisi.adekunle@outlook.com | C57: 0122-202-9729 | D57: Ibadan | E57: 26/04/2024 | F57: handbag | G57: 3 | H57: 5000 | I57: =H57*G57 -> 15000
A58: Musa Balogun | B58: musa.balogun@gmail.com | C58: 0895-559-7971 | D58: port harcourt | E58: 13/05/2024 | F58: BLENDER | G58: 2 | H58: 10000 | I58: =H58*G58 -> 20000
A59: Precious Umeh | B59: precious.umeh@gmail.com | C59: 08033401878 | D59: LAGOS | E59: 02/01/2024 | F59: Wrist Watch | G59: 5 | H59: 35000 | I59: =H59*G59 -> 175000
A60: Victor Ibrahim | B60: victor.ibrahim@yahoo.com | C60: 05203409305 | D60: port harcourt | E60: 2024-02-26 | F60: smartphone | G60: 3 | H60: 250000 | I60: =H60*G60 -> 750000
A61: Precious Ibrahim | B61: PRECIOUS.IBRAHIM@YAHOO.COM | C61: 0341-213-6224 | D61: IBADAN | E61: 2024-04-02 | F61: SMARTPHONE | G61: 1 | H61: 250000 | I61: =H61*G61 -> 250000
A62: FUNKE ABUBAKAR | B62: funke.abubakar@outlook.com | C62: 04259472487 | D62: PORT HARCOURT | E62: 2024-05-05 | F62: laptop | G62: 2 | H62: 350000 | I62: =H62*G62 -> 700000
A63: Chinedu Balogun | B63: CHINEDU.BALOGUN@YAHOO.COM | C63: 0966-850-2739 | D63: Lagos | E63: 23/05/2024 | F63: Laptop | G63: 1 | H63: 350000 | I63: =H63*G63 -> 350000
A64: Chiamaka Nwosu | B64: chiamaka.nwosu@gmail.com | C64: 05404868443 | D64: Kano | E64: 17/04/2024 | F64: Headphones | G64: 4 | H64: 70000 | I64: =H64*G64 -> 280000
A65: YUSUF YUSUF | B65: YUSUF.YUSUF@YAHOO.COM | C65: 0640-544-0559 | D65: PORT HARCOURT | E65: 27/05/2024 | F65: LAPTOP | G65: 2 | H65: 350000 | I65: =H65*G65 -> 700000
A66: Adaeze Umeh | B66: ADAEZE.UMEH@OUTLOOK.COM | C66: 01067924708 | D66: Ibadan | E66: 08/04/2024 | F66: headphones | G66: 3 | H66: 70000 | I66: =H66*G66 -> 210000
A67: Abdullahi Adekunle | B67: abdullahi.adekunle@yahoo.com | C67: 01760313721 | D67: LAGOS | E67: 2024-02-20 | F67: Laptop | G67: 5 | H67: 350000 | I67: =H67*G67 -> 1750000
A68: Sani Sanni | B68: sani.sanni@yahoo.com | C68: 01402614014 | D68: Abuja | E68: 2024-02-02 | F68: SNEAKERS | G68: 5 | H68: 40000 | I68: =H68*G68 -> 200000
... A101: AISHA ADEKUNLE | B101: AISHA.ADEKUNLE@GMAIL.COM | C101: 0062-611-6957 | D101: ABUJA | E101: 2024-05-28 | F101: HEADPHONES | G101: 2 | H101: 70000 | I101: =H101*G101 -> 140000
A102: Bisi Bello | C102: 01836546107 | D102: Kano | E102: 03/06/2024 | F102: Television | G102: 2 | H102: 300000 | I102: =H102*G102 -> 600000
A103: AISHA BALOGUN | B103: aisha.balogun@outlook.com | C103: 0051-697-8464 | D103: ibadan | E103: 2024-01-04 | F103: SMARTPHONE | G103: 1 | H103: 250000 | I103: =H103*G103 -> 250000
A104: aisha ibrahim | B104: AISHA.IBRAHIM@OUTLOOK.COM | C104: 0505-877-0658 | D104: Kano | E104: 26/05/2024 | F104: SNEAKERS | G104: 4 | H104: 40000 | I104: =H104*G104 -> 160000
A105: Chinedu Okafor | B105: chinedu.okafor@outlook.com | C105: 0387-371-6786 | D105: port harcourt | E105: 24/04/2024 | F105: Handbag | G105: 2 | H105: 5000 | I105: =H105*G105 -> 10000
A106: CHIAMAKA BALOGUN | C106: 0483-478-2450 | D106: lagos | E106: 2024-02-17 | F106: Laptop | G106: 5 | H106: 350000 | I106: =H106*G106 -> 1750000
A107: BLESSING OKONKWO | B107: BLESSING.OKONKWO96@GMAIL.COM | C107: 04005717279 | D107: KANO | E107: 13/01/2024 | F107: handbag | G107: 2 | H107: 5000 | I107: =H107*G107 -> 10000
A108: Tobi Lawal | B108: TOBI.LAWAL@YAHOO.COM | D108: PORT HARCOURT | E108: 2024-06-28 | F108: Laptop | G108: 1 | H108: 350000 | I108: =H108*G108 -> 350000
A109: DAMILOLA YUSUF | B109: damilola.yusuf@gmail.com | C109: 0436-700-6638 | E109: 2024-03-20 | F109: laptop | G109: 2 | H109: 350000 | I109: =H109*G109 -> 700000
A110: Victor Okafor | B110: victor.okafor@gmail.com | C110: 0681-570-8931 | D110: Port Harcourt | E110: 2024-06-08 | F110: SMARTPHONE | G110: 1 | H110: 250000 | I110: =H110*G110 -> 250000
A111: CHIAMAKA SANNI | B111: chiamaka.sanni@yahoo.com | C111: 0738-344-9223 | D111: Kano | E111: 08/01/2024 | F111: WRIST WATCH | G111: 1 | H111: 35000 | I111: =H111*G111 -> 35000
A112: Abdullahi Bello | B112: ABDULLAHI.BELLO@YAHOO.COM | C112: 0632-122-3307 | D112: Abuja | E112: 2024-05-25 | F112: BLENDER | G112: 3 | H112: 10000 | I112: =H112*G112 -> 30000
A113: Funke Umeh | B113: FUNKE.UMEH@OUTLOOK.COM | C113: 05393363387 | D113: Lagos | E113: 2024-03-11 | F113: HEADPHONES | G113: 5 | H113: 70000 | I113: =H113*G113 -> 350000
A114: VICTOR LAWAL | B114: victor.lawal@yahoo.com | D114: kano | E114: 2024-01-23 | F114: Handbag | G114: 5 | H114: 5000 | I114: =H114*G114 -> 25000

Sheet Cleaned Data
A1: Name | B1: Email | C1: Phone | D1: Location | E1: Date of Purchase | F1: Product | G1: Quantity | H1: Price | I1: Amount
A2: =PROPER(TRIM('Raw Data'!A2)) -> Emeka Sanni | B2: =IF('Raw Data'!B2="","Missing",LOWER(TRIM('Raw Data'!B2))) -> emeka.sanni41@outlook.com | C2: =IF('Raw Data'!C2="","Missing",TRIM('Raw Data'!C2)) -> 08452984153 | D2: =IF('Raw Data'!D2="","Missing",PROPER(TRIM('Raw Data'!D2))) -> Ibadan | E2: =IF(ISNUMBER(SEARCH("/",'Raw Data'!E2)),DATE(VALUE(RIGHT('Raw Data'!E2,4)),VALUE(MID('Raw Data'!E2,4,2)),VALUE(LEFT('Raw Data'!E2,2))),DATE(VALUE(LEFT('Raw Data'!E2,4)),VALUE(MID('Raw Data'!E2,6,2)),VALUE(RIGHT('Raw Data'!E2,2)))) -> 45310 | F2: =PROPER('Raw Data'!F2) -> Wrist Watch | G2: 4 | H2: 35000 | I2: =G2*H2 -> 140000
A3: =PROPER(TRIM('Raw Data'!A3)) -> Blessing Adekunle | B3: =IF('Raw Data'!B3="","Missing",LOWER(TRIM('Raw Data'!B3))) -> blessing.adekunle@yahoo.com | C3: =IF('Raw Data'!C3="","Missing",TRIM('Raw Data'!C3)) -> 0446-049-5660 | D3: =IF('Raw Data'!D3="","Missing",PROPER(TRIM('Raw Data'!D3))) -> Port Harcourt | E3: =IF(ISNUMBER(SEARCH("/",'Raw Data'!E3)),DATE(VALUE(RIGHT('Raw Data'!E3,4)),VALUE(MID('Raw Data'!E3,4,2)),VALUE(LEFT('Raw Data'!E3,2))),DATE(VALUE(LEFT('Raw Data'!E3,4)),VALUE(MID('Raw Data'!E3,6,2)),VALUE(RIGHT('Raw Data'!E3,2)))) -> 45422 | F3: =PROPER('Raw Data'!F3) -> Smartphone | G3: 5 | H3: 250000 | I3: =G3*H3 -> 1250000
A4: =PROPER(TRIM('Raw Data'!A4)) -> Musa Chukwu | B4: =IF('Raw Data'!B4="","Missing",LOWER(TRIM('Raw Data'!B4))) -> musa.chukwu@yahoo.com | C4: =IF('Raw Data'!C4="","Missing",TRIM('Raw Data'!C4)) -> 04634786122 | D4: =IF('Raw Data'!D4="","Missing",PROPER(TRIM('Raw Data'!D4))) -> Kano | E4: =IF(ISNUMBER(SEARCH("/",'Raw Data'!E4)),DATE(VALUE(RIGHT('Raw Data'!E4,4)),VALUE(MID('Raw Data'!E4,4,2)),VALUE(LEFT('Raw Data'!E4,2))),DATE(VALUE(LEFT('Raw Data'!E4,4)),VALUE(MID('Raw Data'!E4,6,2)),VALUE(RIGHT('Raw Data'!E4,2)))) -> 45339 | F4: =PROPER('Raw Data'!F4) -> Handbag | G4: 3 | H4: 5000 | I4: =G4*H4 -> 15000
A5: =PROPER(TRIM('Raw Data'!A5)) -> Chukwudi Okoro | B5: =IF('Raw Data'!B5="","Missing",LOWER(TRIM('Raw Data'!B5))) -> chukwudi.okoro@gmail.com | C5: =IF('Raw Data'!C5="","Missing",TRIM('Raw Data'!C5)) -> Missing | D5: =IF('Raw Data'!D5="","Missing",PROPER(TRIM('Raw Data'!D5))) -> Kano | E5: =IF(ISNUMBER(SEARCH("/",'Raw Data'!E5)),DATE(VALUE(RIGHT('Raw Data'!E5,4)),VALUE(MID('Raw Data'!E5,4,2)),VALUE(LEFT('Raw Data'!E5,2))),DATE(VALUE(LEFT('Raw Data'!E5,4)),VALUE(MID('Raw Data'!E5,6,2)),VALUE(RIGHT('Raw Data'!E5,2)))) -> 45378 | F5: =PROPER('Raw Data'!F5) -> Handbag | G5: 5 | H5: 5000 | I5: =G5*H5 -> 25000
A6: =PROPER(TRIM('Raw Data'!A6)) -> Ngozi Ibrahim | B6: =IF('Raw Data'!B6="","Missing",LOWER(TRIM('Raw Data'!B6))) -> ngozi.ibrahim@yahoo.com | C6: =IF('Raw Data'!C6="","Missing",TRIM('Raw Data'!C6)) -> 0889-148-6546 | D6: =IF('Raw Data'!D6="","Missing",PROPER(TRIM('Raw Data'!D6))) -> Kano | E6: =IF(ISNUMBER(SEARCH("/",'Raw Data'!E6)),DATE(VALUE(RIGHT('Raw Data'!E6,4)),VALUE(MID('Raw Data'!E6,4,2)),VALUE(LEFT('Raw Data'!E6,2))),DATE(VALUE(LEFT('Raw Data'!E6,4)),VALUE(MID('Raw Data'!E6,6,2)),VALUE(RIGHT('Raw Data'!E6,2)))) -> 45350 | F6: =PROPER('Raw Data'!F6) -> Smartphone | G6: 3 | H6: 250000 | I6: =G6*H6 -> 750000
A7: =PROPER(TRIM('Raw Data'!A7)) -> Wale Okoro | B7: =IF('Raw Data'!B7="","Missing",LOWER(TRIM('Raw Data'!B7))) -> wale.okoro@yahoo.com | C7: =IF('Raw Data'!C7="","Missing",TRIM('Raw Data'!C7)) -> Missing | D7: =IF('Raw Data'!D7="","Missing",PROPER(TRIM('Raw Data'!D7))) -> Enugu | E7: =IF(ISNUMBER(SEARCH("/",'Raw Data'!E7)),DATE(VALUE(RIGHT('Raw Data'!E7,4)),VALUE(MID('Raw Data'!E7,4,2)),VALUE(LEFT('Raw Data'!E7,2))),DATE(VALUE(LEFT('Raw Data'!E7,4)),VALUE(MID('Raw Data'!E7,6,2)),VALUE(RIGHT('Raw Data'!E7,2)))) -> 45445 | F7: =PROPER('Raw Data'!F7) -> Blender | G7: 5 | H7: 10000 | I7: =G7*H7 -> 50000
A8: =PROPER(TRIM('Raw Data'!A8)) -> Adaeze Abubakar | B8: =IF('Raw Data'!B8="","Missing",LOWER(TRIM('Raw Data'!B8))) -> adaeze.abubakar@outlook.com | C8: =IF('Raw Data'!C8="","Missing",TRIM('Raw Data'!C8)) -> 0053-446-8826 | D8: =IF('Raw Data'!D8="","Missing",PROPER(TRIM('Raw Data'!D8))) -> Enugu | E8: =IF(ISNUMBER(SEARCH("/",'Raw Data'!E8)),DATE(VALUE(RIGHT('Raw Data'!E8,4)),VALUE(MID('Raw Data'!E8,4,2)),VALUE(LEFT('Raw Data'!E8,2))),DATE(VALUE(LEFT('Raw Data'!E8,4)),VALUE(MID('Raw Data'!E8,6,2)),VALUE(RIGHT('Raw Data'!E8,2)))) -> 45329 | F8: =PROPER('Raw Data'!F8) -> Smartphone | G8: 1 | H8: 250000 | I8: =G8*H8 -> 250000
A9: =PROPER(TRIM('Raw Data'!A9)) -> Chinedu Balogun | B9: =IF('Raw Data'!B9="","Missing",LOWER(TRIM('Raw Data'!B9))) -> Missing | C9: =IF('Raw Data'!C9="","Missing",TRIM('Raw Data'!C9)) -> 06199582254 | D9: =IF('Raw Data'!D9="","Missing",PROPER(TRIM('Raw Data'!D9))) -> Abuja | E9: =IF(ISNUMBER(SEARCH("/",'Raw Data'!E9)),DATE(VALUE(RIGHT('Raw Data'!E9,4)),VALUE(MID('Raw Data'!E9,4,2)),VALUE(LEFT('Raw Data'!E9,2))),DATE(VALUE(LEFT('Raw Data'!E9,4)),VALUE(MID('Raw Data'!E9,6,2)),VALUE(RIGHT('Raw Data'!E9,2)))) -> 45425 | F9: =PROPER('Raw Data'!F9) -> Blender | G9: 1 | H9: 10000 | I9: =G9*H9 -> 10000
A10: =PROPER(TRIM('Raw Data'!A10)) -> Aisha Balogun | B10: =IF('Raw Data'!B10="","Missing",LOWER(TRIM('Raw Data'!B10))) -> aisha.balogun@outlook.com | C10: =IF('Raw Data'!C10="","Missing",TRIM('Raw Data'!C10)) -> 0051-697-8464 | D10: =IF('Raw Data'!D10="","Missing",PROPER(TRIM('Raw Data'!D10))) -> Ibadan | E10: =IF(ISNUMBER(SEARCH("/",'Raw Data'!E10)),DATE(VALUE(RIGHT('Raw Data'!E10,4)),VALUE(MID('Raw Data'!E10,4,2)),VALUE(LEFT('Raw Data'!E10,2))),DATE(VALUE(LEFT('Raw Data'!E10,4)),VALUE(MID('Raw Data'!E10,6,2)),VALUE(RIGHT('Raw Data'!E10,2)))) -> 45295 | F10: =PROPER('Raw Data'!F10) -> Smartphone | G10: 1 | H10: 250000 | I10: =G10*H10 -> 250000
A11: =PROPER(TRIM('Raw Data'!A11)) -> Ibrahim Abubakar | B11: =IF('Raw Data'!B11="","Missing",LOWER(TRIM('Raw Data'!B11))) -> ibrahim.abubakar@gmail.com | C11: =IF('Raw Data'!C11="","Missing",TRIM('Raw Data'!C11)) -> 09139099603 | D11: =IF('Raw Data'!D11="","Missing",PROPER(TRIM('Raw Data'!D11))) -> Abuja | E11: =IF(ISNUMBER(SEARCH("/",'Raw Data'!E11)),DATE(VALUE(RIGHT('Raw Data'!E11,4)),VALUE(MID('Raw Data'!E11,4,2)),VALUE(LEFT('Raw Data'!E11,2))),DATE(VALUE(LEFT('Raw Data'!E11,4)),VALUE(MID('Raw Data'!E11,6,2)),VALUE(RIGHT('Raw Data'!E11,2)))) -> 45425 | F11: =PROPER('Raw Data'!F11) -> Headphones | G11: 2 | H11: 70000 | I11: =G11*H11 -> 140000
A12: =PROPER(TRIM('Raw Data'!A12)) -> Kunle Obi | B12: =IF('Raw Data'!B12="","Missing",LOWER(TRIM('Raw Data'!B12))) -> kunle.obi@gmail.com | C12: =IF('Raw Data'!C12="","Missing",TRIM('Raw Data'!C12)) -> Missing | D12: =IF('Raw Data'!D12="","Missing",PROPER(TRIM('Raw Data'!D12))) -> Lagos | E12: =IF(ISNUMBER(SEARCH("/",'Raw Data'!E12)),DATE(VALUE(RIGHT('Raw Data'!E12,4)),VALUE(MID('Raw Data'!E12,4,2)),VALUE(LEFT('Raw Data'!E12,2))),DATE(VALUE(LEFT('Raw Data'!E12,4)),VALUE(MID('Raw Data'!E12,6,2)),VALUE(RIGHT('Raw Data'!E12,2)))) -> 45334 | F12: =PROPER('Raw Data'!F12) -> Blender | G12: 2 | H12: 10000 | I12: =G12*H12 -> 20000
A13: =PROPER(TRIM('Raw Data'!A13)) -> Bisi Sanni | B13: =IF('Raw Data'!B13="","Missing",LOWER(TRIM('Raw Data'!B13))) -> bisi.sanni@yahoo.com | C13: =IF('Raw Data'!C13="","Missing",TRIM('Raw Data'!C13)) -> Missing | D13: =IF('Raw Data'!D13="","Missing",PROPER(TRIM('Raw Data'!D13))) -> Ibadan | E13: =IF(ISNUMBER(SEARCH("/",'Raw Data'!E13)),DATE(VALUE(RIGHT('Raw Data'!E13,4)),VALUE(MID('Raw Data'!E13,4,2)),VALUE(LEFT('Raw Data'!E13,2))),DATE(VALUE(LEFT('Raw Data'!E13,4)),VALUE(MID('Raw Data'!E13,6,2)),VALUE(RIGHT('Raw Data'!E13,2)))) -> 45410 | F13: =PROPER('Raw Data'!F13) -> Blender | G13: 2 | H13: 10000 | I13: =G13*H13 -> 20000
... A36: =PROPER(TRIM('Raw Data'!A36)) -> Funke Obi | B36: =IF('Raw Data'!B36="","Missing",LOWER(TRIM('Raw Data'!B36))) -> funke.obi@gmail.com | C36: =IF('Raw Data'!C36="","Missing",TRIM('Raw Data'!C36)) -> Missing | D36: =IF('Raw Data'!D36="","Missing",PROPER(TRIM('Raw Data'!D36))) -> Abuja | E36: =IF(ISNUMBER(SEARCH("/",'Raw Data'!E36)),DATE(VALUE(RIGHT('Raw Data'!E36,4)),VALUE(MID('Raw Data'!E36,4,2)),VALUE(LEFT('Raw Data'!E36,2))),DATE(VALUE(LEFT('Raw Data'!E36,4)),VALUE(MID('Raw Data'!E36,6,2)),VALUE(RIGHT('Raw Data'!E36,2)))) -> 45468 | F36: =PROPER('Raw Data'!F36) -> Wrist Watch | G36: 4 | H36: 35000 | I36: =G36*H36 -> 140000
A37: =PROPER(TRIM('Raw Data'!A38)) -> Abdullahi Yusuf | B37: =IF('Raw Data'!B38="","Missing",LOWER(TRIM('Raw Data'!B38))) -> abdullahi.yusuf@gmail.com | C37: =IF('Raw Data'!C38="","Missing",TRIM('Raw Data'!C38)) -> 0616-751-3613 | D37: =IF('Raw Data'!D38="","Missing",PROPER(TRIM('Raw Data'!D38))) -> Lagos | E37: =IF(ISNUMBER(SEARCH("/",'Raw Data'!E37)),DATE(VALUE(RIGHT('Raw Data'!E37,4)),VALUE(MID('Raw Data'!E37,4,2)),VALUE(LEFT('Raw Data'!E37,2))),DATE(VALUE(LEFT('Raw Data'!E37,4)),VALUE(MID('Raw Data'!E37,6,2)),VALUE(RIGHT('Raw Data'!E37,2)))) -> 45306 | F37: =PROPER('Raw Data'!F38) -> Blender | G37: 2 | H37: 10000 | I37: =G37*H37 -> 20000
A38: =PROPER(TRIM('Raw Data'!A39)) -> Chiamaka Afolabi | B38: =IF('Raw Data'!B39="","Missing",LOWER(TRIM('Raw Data'!B39))) -> chiamaka.afolabi9@yahoo.com | C38: =IF('Raw Data'!C39="","Missing",TRIM('Raw Data'!C39)) -> 0859-952-8907 | D38: =IF('Raw Data'!D39="","Missing",PROPER(TRIM('Raw Data'!D39))) -> Missing | E38: =IF(ISNUMBER(SEARCH("/",'Raw Data'!E38)),DATE(VALUE(RIGHT('Raw Data'!E38,4)),VALUE(MID('Raw Data'!E38,4,2)),VALUE(LEFT('Raw Data'!E38,2))),DATE(VALUE(LEFT('Raw Data'!E38,4)),VALUE(MID('Raw Data'!E38,6,2)),VALUE(RIGHT('Raw Data'!E38,2)))) -> 45451 | F38: =PROPER('Raw Data'!F39) -> Handbag | G38: 3 | H38: 5000 | I38: =G38*H38 -> 15000
A39: =PROPER(TRIM('Raw Data'!A40)) -> Fatima Abubakar | B39: =IF('Raw Data'!B40="","Missing",LOWER(TRIM('Raw Data'!B40))) -> fatima.abubakar@yahoo.com | C39: =IF('Raw Data'!C40="","Missing",TRIM('Raw Data'!C40)) -> 03287046557 | D39: =IF('Raw Data'!D40="","Missing",PROPER(TRIM('Raw Data'!D40))) -> Lagos | E39: =IF(ISNUMBER(SEARCH("/",'Raw Data'!E39)),DATE(VALUE(RIGHT('Raw Data'!E39,4)),VALUE(MID('Raw Data'!E39,4,2)),VALUE(LEFT('Raw Data'!E39,2))),DATE(VALUE(LEFT('Raw Data'!E39,4)),VALUE(MID('Raw Data'!E39,6,2)),VALUE(RIGHT('Raw Data'!E39,2)))) -> 45417 | F39: =PROPER('Raw Data'!F40) -> Television | G39: 1 | H39: 300000 | I39: =G39*H39 -> 300000
A40: =PROPER(TRIM('Raw Data'!A41)) -> Zainab Yusuf | B40: =IF('Raw Data'!B41="","Missing",LOWER(TRIM('Raw Data'!B41))) -> zainab.yusuf@gmail.com | C40: =IF('Raw Data'!C41="","Missing",TRIM('Raw Data'!C41)) -> Missing | D40: =IF('Raw Data'!D41="","Missing",PROPER(TRIM('Raw Data'!D41))) -> Lagos | E40: =IF(ISNUMBER(SEARCH("/",'Raw Data'!E40)),DATE(VALUE(RIGHT('Raw Data'!E40,4)),VALUE(MID('Raw Data'!E40,4,2)),VALUE(LEFT('Raw Data'!E40,2))),DATE(VALUE(LEFT('Raw Data'!E40,4)),VALUE(MID('Raw Data'!E40,6,2)),VALUE(RIGHT('Raw Data'!E40,2)))) -> 45398 | F40: =PROPER('Raw Data'!F41) -> Television | G40: 4 | H40: 300000 | I40: =G40*H40 -> 1200000
A41: =PROPER(TRIM('Raw Data'!A42)) -> Chiamaka Sanni | B41: =IF('Raw Data'!B42="","Missing",LOWER(TRIM('Raw Data'!B42))) -> chiamaka.sanni@yahoo.com | C41: =IF('Raw Data'!C42="","Missing",TRIM('Raw Data'!C42)) -> 03372117815 | D41: =IF('Raw Data'!D42="","Missing",PROPER(TRIM('Raw Data'!D42))) -> Ibadan | E41: =IF(ISNUMBER(SEARCH("/",'Raw Data'!E41)),DATE(VALUE(RIGHT('Raw Data'!E41,4)),VALUE(MID('Raw Data'!E41,4,2)),VALUE(LEFT('Raw Data'!E41,2))),DATE(VALUE(LEFT('Raw Data'!E41,4)),VALUE(MID('Raw Data'!E41,6,2)),VALUE(RIGHT('Raw Data'!E41,2)))) -> 45438 | F41: =PROPER('Raw Data'!F42) -> Smartphone | G41: 3 | H41: 250000 | I41: =G41*H41 -> 750000
A42: =PROPER(TRIM('Raw Data'!A44)) -> Segun Ibrahim | B42: =IF('Raw Data'!B44="","Missing",LOWER(TRIM('Raw Data'!B44))) -> segun.ibrahim@gmail.com | C42: =IF('Raw Data'!C44="","Missing",TRIM('Raw Data'!C44)) -> 07316723268 | D42: =IF('Raw Data'!D44="","Missing",PROPER(TRIM('Raw Data'!D44))) -> Ibadan | E42: =IF(ISNUMBER(SEARCH("/",'Raw Data'!E42)),DATE(VALUE(RIGHT('Raw Data'!E42,4)),VALUE(MID('Raw Data'!E42,4,2)),VALUE(LEFT('Raw Data'!E42,2))),DATE(VALUE(LEFT('Raw Data'!E42,4)),VALUE(MID('Raw Data'!E42,6,2)),VALUE(RIGHT('Raw Data'!E42,2)))) -> 45303 | F42: =PROPER('Raw Data'!F44) -> Laptop | G42: 2 | H42: 350000 | I42: =G42*H42 -> 700000
A43: =PROPER(TRIM('Raw Data'!A45)) -> Wale Yusuf | B43: =IF('Raw Data'!B45="","Missing",LOWER(TRIM('Raw Data'!B45))) -> wale.yusuf@outlook.com | C43: =IF('Raw Data'!C45="","Missing",TRIM('Raw Data'!C45)) -> 0706-360-6071 | D43: =IF('Raw Data'!D45="","Missing",PROPER(TRIM('Raw Data'!D45))) -> Lagos | E43: =IF(ISNUMBER(SEARCH("/",'Raw Data'!E43)),DATE(VALUE(RIGHT('Raw Data'!E43,4)),VALUE(MID('Raw Data'!E43,4,2)),VALUE(LEFT('Raw Data'!E43,2))),DATE(VALUE(LEFT('Raw Data'!E43,4)),VALUE(MID('Raw Data'!E43,6,2)),VALUE(RIGHT('Raw Data'!E43,2)))) -> 45350 | F43: =PROPER('Raw Data'!F45) -> Headphones | G43: 1 | H43: 70000 | I43: =G43*H43 -> 70000
A44: =PROPER(TRIM('Raw Data'!A46)) -> Fatima Umeh | B44: =IF('Raw Data'!B46="","Missing",LOWER(TRIM('Raw Data'!B46))) -> fatima.umeh@gmail.com | C44: =IF('Raw Data'!C46="","Missing",TRIM('Raw Data'!C46)) -> 0704-718-7463 | D44: =IF('Raw Data'!D46="","Missing",PROPER(TRIM('Raw Data'!D46))) -> Abuja | E44: =IF(ISNUMBER(SEARCH("/",'Raw Data'!E44)),DATE(VALUE(RIGHT('Raw Data'!E44,4)),VALUE(MID('Raw Data'!E44,4,2)),VALUE(LEFT('Raw Data'!E44,2))),DATE(VALUE(LEFT('Raw Data'!E44,4)),VALUE(MID('Raw Data'!E44,6,2)),VALUE(RIGHT('Raw Data'!E44,2)))) -> 45378 | F44: =PROPER('Raw Data'!F46) -> Wrist Watch | G44: 5 | H44: 35000 | I44: =G44*H44 -> 175000
A45: =PROPER(TRIM('Raw Data'!A47)) -> Segun Ibrahim | B45: =IF('Raw Data'!B47="","Missing",LOWER(TRIM('Raw Data'!B47))) -> segun.ibrahim@gmail.com | C45: =IF('Raw Data'!C47="","Missing",TRIM('Raw Data'!C47)) -> 0732-904-8449 | D45: =IF('Raw Data'!D47="","Missing",PROPER(TRIM('Raw Data'!D47))) -> Port Harcourt | E45: =IF(ISNUMBER(SEARCH("/",'Raw Data'!E45)),DATE(VALUE(RIGHT('Raw Data'!E45,4)),VALUE(MID('Raw Data'!E45,4,2)),VALUE(LEFT('Raw Data'!E45,2))),DATE(VALUE(LEFT('Raw Data'!E45,4)),VALUE(MID('Raw Data'!E45,6,2)),VALUE(RIGHT('Raw Data'!E45,2)))) -> 45399 | F45: =PROPER('Raw Data'!F47) -> Wrist Watch | G45: 4 | H45: 35000 | I45: =G45*H45 -> 140000
A46: =PROPER(TRIM('Raw Data'!A48)) -> Precious Okafor | B46: =IF('Raw Data'!B48="","Missing",LOWER(TRIM('Raw Data'!B48))) -> precious.okafor@outlook.com | C46: =IF('Raw Data'!C48="","Missing",TRIM('Raw Data'!C48)) -> Missing | D46: =IF('Raw Data'!D48="","Missing",PROPER(TRIM('Raw Data'!D48))) -> Port Harcourt | E46: =IF(ISNUMBER(SEARCH("/",'Raw Data'!E46)),DATE(VALUE(RIGHT('Raw Data'!E46,4)),VALUE(MID('Raw Data'!E46,4,2)),VALUE(LEFT('Raw Data'!E46,2))),DATE(VALUE(LEFT('Raw Data'!E46,4)),VALUE(MID('Raw Data'!E46,6,2)),VALUE(RIGHT('Raw Data'!E46,2)))) -> 45343 | F46: =PROPER('Raw Data'!F48) -> Laptop | G46: 3 | H46: 350000 | I46: =G46*H46 -> 1050000
A47: =PROPER(TRIM('Raw Data'!A49)) -> Ngozi Yusuf | B47: =IF('Raw Data'!B49="","Missing",LOWER(TRIM('Raw Data'!B49))) -> ngozi.yusuf@gmail.com | C47: =IF('Raw Data'!C49="","Missing",TRIM('Raw Data'!C49)) -> 0366-712-7684 | D47: =IF('Raw Data'!D49="","Missing",PROPER(TRIM('Raw Data'!D49))) -> Missing | E47: =IF(ISNUMBER(SEARCH("/",'Raw Data'!E47)),DATE(VALUE(RIGHT('Raw Data'!E47,4)),VALUE(MID('Raw Data'!E47,4,2)),VALUE(LEFT('Raw Data'!E47,2))),DATE(VALUE(LEFT('Raw Data'!E47,4)),VALUE(MID('Raw Data'!E47,6,2)),VALUE(RIGHT('Raw Data'!E47,2)))) -> 45423 | F47: =PROPER('Raw Data'!F49) -> Smartphone | G47: 2 | H47: 250000 | I47: =G47*H47 -> 500000
A48: =PROPER(TRIM('Raw Data'!A50)) -> Amaka Bello | B48: =IF('Raw Data'!B50="","Missing",LOWER(TRIM('Raw Data'!B50))) -> amaka.bello@gmail.com | C48: =IF('Raw Data'!C50="","Missing",TRIM('Raw Data'!C50)) -> 09575513137 | D48: =IF('Raw Data'!D50="","Missing",PROPER(TRIM('Raw Data'!D50))) -> Abuja | E48: =IF(ISNUMBER(SEARCH("/",'Raw Data'!E48)),DATE(VALUE(RIGHT('Raw Data'!E48,4)),VALUE(MID('Raw Data'!E48,4,2)),VALUE(LEFT('Raw Data'!E48,2))),DATE(VALUE(LEFT('Raw Data'!E48,4)),VALUE(MID('Raw Data'!E48,6,2)),VALUE(RIGHT('Raw Data'!E48,2)))) -> 45315 | F48: =PROPER('Raw Data'!F50) -> Blender | G48: 5 | H48: 10000 | I48: =G48*H48 -> 50000
A49: =PROPER(TRIM('Raw Data'!A51)) -> Sani Okafor | B49: =IF('Raw Data'!B51="","Missing",LOWER(TRIM('Raw Data'!B51))) -> sani.okafor34@gmail.com | C49: =IF('Raw Data'!C51="","Missing",TRIM('Raw Data'!C51)) -> 0269-060-4431 | D49: =IF('Raw Data'!D51="","Missing",PROPER(TRIM('Raw Data'!D51))) -> Kano | E49: =IF(ISNUMBER(SEARCH("/",'Raw Data'!E49)),DATE(VALUE(RIGHT('Raw Data'!E49,4)),VALUE(MID('Raw Data'!E49,4,2)),VALUE(LEFT('Raw Data'!E49,2))),DATE(VALUE(LEFT('Raw Data'!E49,4)),VALUE(MID('Raw Data'!E49,6,2)),VALUE(RIGHT('Raw Data'!E49,2)))) -> 45464 | F49: =PROPER('Raw Data'!F51) -> Wrist Watch | G49: 5 | H49: 35000 | I49: =G49*H49 -> 175000
A50: =PROPER(TRIM('Raw Data'!A52)) -> Aisha Obi | B50: =IF('Raw Data'!B52="","Missing",LOWER(TRIM('Raw Data'!B52))) -> aisha.obi@outlook.com | C50: =IF('Raw Data'!C52="","Missing",TRIM('Raw Data'!C52)) -> 0315-827-9401 | D50: =IF('Raw Data'!D52="","Missing",PROPER(TRIM('Raw Data'!D52))) -> Enugu | E50: =IF(ISNUMBER(SEARCH("/",'Raw Data'!E50)),DATE(VALUE(RIGHT('Raw Data'!E50,4)),VALUE(MID('Raw Data'!E50,4,2)),VALUE(LEFT('Raw Data'!E50,2))),DATE(VALUE(LEFT('Raw Data'!E50,4)),VALUE(MID('Raw Data'!E50,6,2)),VALUE(RIGHT('Raw Data'!E50,2)))) -> 45349 | F50: =PROPER('Raw Data'!F52) -> Handbag | G50: 4 | H50: 5000 | I50: =G50*H50 -> 20000
A51: =PROPER(TRIM('Raw Data'!A53)) -> Emeka Eze | B51: =IF('Raw Data'!B53="","Missing",LOWER(TRIM('Raw Data'!B53))) -> emeka.eze@gmail.com | C51: =IF('Raw Data'!C53="","Missing",TRIM('Raw Data'!C53)) -> 01144024264 | D51: =IF('Raw Data'!D53="","Missing",PROPER(TRIM('Raw Data'!D53))) -> Kano | E51: =IF(ISNUMBER(SEARCH("/",'Raw Data'!E51)),DATE(VALUE(RIGHT('Raw Data'!E51,4)),VALUE(MID('Raw Data'!E51,4,2)),VALUE(LEFT('Raw Data'!E51,2))),DATE(VALUE(LEFT('Raw Data'!E51,4)),VALUE(MID('Raw Data'!E51,6,2)),VALUE(RIGHT('Raw Data'!E51,2)))) -> 45367 | F51: =PROPER('Raw Data'!F53) -> Sneakers | G51: 5 | H51: 40000 | I51: =G51*H51 -> 200000
A52: =PROPER(TRIM('Raw Data'!A54)) -> Emeka Bello | B52: =IF('Raw Data'!B54="","Missing",LOWER(TRIM('Raw Data'!B54))) -> emeka.bello@yahoo.com | C52: =IF('Raw Data'!C54="","Missing",TRIM('Raw Data'!C54)) -> 0058-649-2083 | D52: =IF('Raw Data'!D54="","Missing",PROPER(TRIM('Raw Data'!D54))) -> Missing | E52: =IF(ISNUMBER(SEARCH("/",'Raw Data'!E52)),DATE(VALUE(RIGHT('Raw Data'!E52,4)),VALUE(MID('Raw Data'!E52,4,2)),VALUE(LEFT('Raw Data'!E52,2))),DATE(VALUE(LEFT('Raw Data'!E52,4)),VALUE(MID('Raw Data'!E52,6,2)),VALUE(RIGHT('Raw Data'!E52,2)))) -> 45343 | F52: =PROPER('Raw Data'!F54) -> Smartphone | G52: 4 | H52: 250000 | I52: =G52*H52 -> 1000000
A53: =PROPER(TRIM('Raw Data'!A55)) -> Ngozi Bello | B53: =IF('Raw Data'!B55="","Missing",LOWER(TRIM('Raw Data'!B55))) -> ngozi.bello@outlook.com | C53: =IF('Raw Data'!C55="","Missing",TRIM('Raw Data'!C55)) -> 0423-468-5356 | D53: =IF('Raw Data'!D55="","Missing",PROPER(TRIM('Raw Data'!D55))) -> Enugu | E53: =IF(ISNUMBER(SEARCH("/",'Raw Data'!E53)),DATE(VALUE(RIGHT('Raw Data'!E53,4)),VALUE(MID('Raw Data'!E53,4,2)),VALUE(LEFT('Raw Data'!E53,2))),DATE(VALUE(LEFT('Raw Data'!E53,4)),VALUE(MID('Raw Data'!E53,6,2)),VALUE(RIGHT('Raw Data'!E53,2)))) -> 45370 | F53: =PROPER('Raw Data'!F55) -> Wrist Watch | G53: 4 | H53: 35000 | I53: =G53*H53 -> 140000
... A73: =PROPER(TRIM('Raw Data'!A75)) -> Chiamaka Yusuf | B73: =IF('Raw Data'!B75="","Missing",LOWER(TRIM('Raw Data'!B75))) -> chiamaka.yusuf@outlook.com | C73: =IF('Raw Data'!C75="","Missing",TRIM('Raw Data'!C75)) -> 05545904544 | D73: =IF('Raw Data'!D75="","Missing",PROPER(TRIM('Raw Data'!D75))) -> Kano | E73: =IF(ISNUMBER(SEARCH("/",'Raw Data'!E73)),DATE(VALUE(RIGHT('Raw Data'!E73,4)),VALUE(MID('Raw Data'!E73,4,2)),VALUE(LEFT('Raw Data'!E73,2))),DATE(VALUE(LEFT('Raw Data'!E73,4)),VALUE(MID('Raw Data'!E73,6,2)),VALUE(RIGHT('Raw Data'!E73,2)))) -> 45468 | F73: =PROPER('Raw Data'!F75) -> Blender | G73: 5 | H73: 10000 | I73: =G73*H73 -> 50000
A74: =PROPER(TRIM('Raw Data'!A77)) -> Uche Okonkwo | B74: =IF('Raw Data'!B77="","Missing",LOWER(TRIM('Raw Data'!B77))) -> uche.okonkwo@gmail.com | C74: =IF('Raw Data'!C77="","Missing",TRIM('Raw Data'!C77)) -> 0948-219-9351 | D74: =IF('Raw Data'!D77="","Missing",PROPER(TRIM('Raw Data'!D77))) -> Lagos | E74: =IF(ISNUMBER(SEARCH("/",'Raw Data'!E74)),DATE(VALUE(RIGHT('Raw Data'!E74,4)),VALUE(MID('Raw Data'!E74,4,2)),VALUE(LEFT('Raw Data'!E74,2))),DATE(VALUE(LEFT('Raw Data'!E74,4)),VALUE(MID('Raw Data'!E74,6,2)),VALUE(RIGHT('Raw Data'!E74,2)))) -> 45431 | F74: =PROPER('Raw Data'!F77) -> Handbag | G74: 4 | H74: 5000 | I74: =G74*H74 -> 20000
A75: =PROPER(TRIM('Raw Data'!A78)) -> Zainab Adeyemi | B75: =IF('Raw Data'!B78="","Missing",LOWER(TRIM('Raw Data'!B78))) -> zainab.adeyemi@yahoo.com | C75: =IF('Raw Data'!C78="","Missing",TRIM('Raw Data'!C78)) -> 05759183623 | D75: =IF('Raw Data'!D78="","Missing",PROPER(TRIM('Raw Data'!D78))) -> Enugu | E75: =IF(ISNUMBER(SEARCH("/",'Raw Data'!E75)),DATE(VALUE(RIGHT('Raw Data'!E75,4)),VALUE(MID('Raw Data'!E75,4,2)),VALUE(LEFT('Raw Data'!E75,2))),DATE(VALUE(LEFT('Raw Data'!E75,4)),VALUE(MID('Raw Data'!E75,6,2)),VALUE(RIGHT('Raw Data'!E75,2)))) -> 45350 | F75: =PROPER('Raw Data'!F78) -> Smartphone | G75: 5 | H75: 250000 | I75: =G75*H75 -> 1250000
A76: =PROPER(TRIM('Raw Data'!A80)) -> Femi Adeyemi | B76: =IF('Raw Data'!B80="","Missing",LOWER(TRIM('Raw Data'!B80))) -> femi.adeyemi@gmail.com | C76: =IF('Raw Data'!C80="","Missing",TRIM('Raw Data'!C80)) -> 01815908301 | D76: =IF('Raw Data'!D80="","Missing",PROPER(TRIM('Raw Data'!D80))) -> Lagos | E76: =IF(ISNUMBER(SEARCH("/",'Raw Data'!E76)),DATE(VALUE(RIGHT('Raw Data'!E76,4)),VALUE(MID('Raw Data'!E76,4,2)),VALUE(LEFT('Raw Data'!E76,2))),DATE(VALUE(LEFT('Raw Data'!E76,4)),VALUE(MID('Raw Data'!E76,6,2)),VALUE(RIGHT('Raw Data'!E76,2)))) -> 45348 | F76: =PROPER('Raw Data'!F80) -> Sneakers | G76: 3 | H76: 40000 | I76: =G76*H76 -> 120000
A77: =PROPER(TRIM('Raw Data'!A81)) -> Zainab Obi | B77: =IF('Raw Data'!B81="","Missing",LOWER(TRIM('Raw Data'!B81))) -> zainab.obi@gmail.com | C77: =IF('Raw Data'!C81="","Missing",TRIM('Raw Data'!C81)) -> 07074137484 | D77: =IF('Raw Data'!D81="","Missing",PROPER(TRIM('Raw Data'!D81))) -> Ibadan | E77: =IF(ISNUMBER(SEARCH("/",'Raw Data'!E77)),DATE(VALUE(RIGHT('Raw Data'!E77,4)),VALUE(MID('Raw Data'!E77,4,2)),VALUE(LEFT('Raw Data'!E77,2))),DATE(VALUE(LEFT('Raw Data'!E77,4)),VALUE(MID('Raw Data'!E77,6,2)),VALUE(RIGHT('Raw Data'!E77,2)))) -> 45329 | F77: =PROPER('Raw Data'!F81) -> Television | G77: 3 | H77: 300000 | I77: =G77*H77 -> 900000
A78: =PROPER(TRIM('Raw Data'!A82)) -> Nkechi Ibrahim | B78: =IF('Raw Data'!B82="","Missing",LOWER(TRIM('Raw Data'!B82))) -> nkechi.ibrahim@gmail.com | C78: =IF('Raw Data'!C82="","Missing",TRIM('Raw Data'!C82)) -> 05656304813 | D78: =IF('Raw Data'!D82="","Missing",PROPER(TRIM('Raw Data'!D82))) -> Abuja | E78: =IF(ISNUMBER(SEARCH("/",'Raw Data'!E78)),DATE(VALUE(RIGHT('Raw Data'!E78,4)),VALUE(MID('Raw Data'!E78,4,2)),VALUE(LEFT('Raw Data'!E78,2))),DATE(VALUE(LEFT('Raw Data'!E78,4)),VALUE(MID('Raw Data'!E78,6,2)),VALUE(RIGHT('Raw Data'!E78,2)))) -> 45458 | F78: =PROPER('Raw Data'!F82) -> Wrist Watch | G78: 2 | H78: 35000 | I78: =G78*H78 -> 70000
A79: =PROPER(TRIM('Raw Data'!A83)) -> Tobi Ibrahim | B79: =IF('Raw Data'!B83="","Missing",LOWER(TRIM('Raw Data'!B83))) -> tobi.ibrahim@yahoo.com | C79: =IF('Raw Data'!C83="","Missing",TRIM('Raw Data'!C83)) -> 0200-977-3797 | D79: =IF('Raw Data'!D83="","Missing",PROPER(TRIM('Raw Data'!D83))) -> Ibadan | E79: =IF(ISNUMBER(SEARCH("/",'Raw Data'!E79)),DATE(VALUE(RIGHT('Raw Data'!E79,4)),VALUE(MID('Raw Data'!E79,4,2)),VALUE(LEFT('Raw Data'!E79,2))),DATE(VALUE(LEFT('Raw Data'!E79,4)),VALUE(MID('Raw Data'!E79,6,2)),VALUE(RIGHT('Raw Data'!E79,2)))) -> 45421 | F79: =PROPER('Raw Data'!F83) -> Blender | G79: 4 | H79: 10000 | I79: =G79*H79 -> 40000
A80: =PROPER(TRIM('Raw Data'!A84)) -> Victor Okoro | B80: =IF('Raw Data'!B84="","Missing",LOWER(TRIM('Raw Data'!B84))) -> victor.okoro@gmail.com | C80: =IF('Raw Data'!C84="","Missing",TRIM('Raw Data'!C84)) -> 04078066717 | D80: =IF('Raw Data'!D84="","Missing",PROPER(TRIM('Raw Data'!D84))) -> Lagos | E80: =IF(ISNUMBER(SEARCH("/",'Raw Data'!E80)),DATE(VALUE(RIGHT('Raw Data'!E80,4)),VALUE(MID('Raw Data'!E80,4,2)),VALUE(LEFT('Raw Data'!E80,2))),DATE(VALUE(LEFT('Raw Data'!E80,4)),VALUE(MID('Raw Data'!E80,6,2)),VALUE(RIGHT('Raw Data'!E80,2)))) -> 45395 | F80: =PROPER('Raw Data'!F84) -> Headphones | G80: 4 | H80: 70000 | I80: =G80*H80 -> 280000
A81: =PROPER(TRIM('Raw Data'!A85)) -> Fatima Suleiman | B81: =IF('Raw Data'!B85="","Missing",LOWER(TRIM('Raw Data'!B85))) -> fatima.suleiman@yahoo.com | C81: =IF('Raw Data'!C85="","Missing",TRIM('Raw Data'!C85)) -> 0163-624-6770 | D81: =IF('Raw Data'!D85="","Missing",PROPER(TRIM('Raw Data'!D85))) -> Ibadan | E81: =IF(ISNUMBER(SEARCH("/",'Raw Data'!E81)),DATE(VALUE(RIGHT('Raw Data'!E81,4)),VALUE(MID('Raw Data'!E81,4,2)),VALUE(LEFT('Raw Data'!E81,2))),DATE(VALUE(LEFT('Raw Data'!E81,4)),VALUE(MID('Raw Data'!E81,6,2)),VALUE(RIGHT('Raw Data'!E81,2)))) -> 45433 | F81: =PROPER('Raw Data'!F85) -> Handbag | G81: 1 | H81: 5000 | I81: =G81*H81 -> 5000
A82: =PROPER(TRIM('Raw Data'!A86)) -> Yusuf Okafor | B82: =IF('Raw Data'!B86="","Missing",LOWER(TRIM('Raw Data'!B86))) -> yusuf.okafor@outlook.com | C82: =IF('Raw Data'!C86="","Missing",TRIM('Raw Data'!C86)) -> 0159-013-9624 | D82: =IF('Raw Data'!D86="","Missing",PROPER(TRIM('Raw Data'!D86))) -> Kano | E82: =IF(ISNUMBER(SEARCH("/",'Raw Data'!E82)),DATE(VALUE(RIGHT('Raw Data'!E82,4)),VALUE(MID('Raw Data'!E82,4,2)),VALUE(LEFT('Raw Data'!E82,2))),DATE(VALUE(LEFT('Raw Data'!E82,4)),VALUE(MID('Raw Data'!E82,6,2)),VALUE(RIGHT('Raw Data'!E82,2)))) -> 45374 | F82: =PROPER('Raw Data'!F86) -> Wrist Watch | G82: 5 | H82: 35000 | I82: =G82*H82 -> 175000
A83: =PROPER(TRIM('Raw Data'!A87)) -> Amina Abubakar | B83: =IF('Raw Data'!B87="","Missing",LOWER(TRIM('Raw Data'!B87))) -> amina.abubakar@gmail.com | C83: =IF('Raw Data'!C87="","Missing",TRIM('Raw Data'!C87)) -> 0023-904-2486 | D83: =IF('Raw Data'!D87="","Missing",PROPER(TRIM('Raw Data'!D87))) -> Lagos | E83: =IF(ISNUMBER(SEARCH("/",'Raw Data'!E83)),DATE(VALUE(RIGHT('Raw Data'!E83,4)),VALUE(MID('Raw Data'!E83,4,2)),VALUE(LEFT('Raw Data'!E83,2))),DATE(VALUE(LEFT('Raw Data'!E83,4)),VALUE(MID('Raw Data'!E83,6,2)),VALUE(RIGHT('Raw Data'!E83,2)))) -> 45358 | F83: =PROPER('Raw Data'!F87) -> Handbag | G83: 3 | H83: 5000 | I83: =G83*H83 -> 15000
A84: =PROPER(TRIM('Raw Data'!A88)) -> Halima Bello | B84: =IF('Raw Data'!B88="","Missing",LOWER(TRIM('Raw Data'!B88))) -> halima.bello@gmail.com | C84: =IF('Raw Data'!C88="","Missing",TRIM('Raw Data'!C88)) -> 00666836450 | D84: =IF('Raw Data'!D88="","Missing",PROPER(TRIM('Raw Data'!D88))) -> Kano | E84: =IF(ISNUMBER(SEARCH("/",'Raw Data'!E84)),DATE(VALUE(RIGHT('Raw Data'!E84,4)),VALUE(MID('Raw Data'!E84,4,2)),VALUE(LEFT('Raw Data'!E84,2))),DATE(VALUE(LEFT('Raw Data'!E84,4)),VALUE(MID('Raw Data'!E84,6,2)),VALUE(RIGHT('Raw Data'!E84,2)))) -> 45445 | F84: =PROPER('Raw Data'!F88) -> Wrist Watch | G84: 3 | H84: 35000 | I84: =G84*H84 -> 105000
A85: =PROPER(TRIM('Raw Data'!A89)) -> Adaeze Eze | B85: =IF('Raw Data'!B89="","Missing",LOWER(TRIM('Raw Data'!B89))) -> adaeze.eze@gmail.com | C85: =IF('Raw Data'!C89="","Missing",TRIM('Raw Data'!C89)) -> 0044-516-6915 | D85: =IF('Raw Data'!D89="","Missing",PROPER(TRIM('Raw Data'!D89))) -> Port Harcourt | E85: =IF(ISNUMBER(SEARCH("/",'Raw Data'!E85)),DATE(VALUE(RIGHT('Raw Data'!E85,4)),VALUE(MID('Raw Data'!E85,4,2)),VALUE(LEFT('Raw Data'!E85,2))),DATE(VALUE(LEFT('Raw Data'!E85,4)),VALUE(MID('Raw Data'!E85,6,2)),VALUE(RIGHT('Raw Data'!E85,2)))) -> 45408 | F85: =PROPER('Raw Data'!F89) -> Laptop | G85: 4 | H85: 350000 | I85: =G85*H85 -> 1400000
A86: =PROPER(TRIM('Raw Data'!A90)) -> Victor Okafor | B86: =IF('Raw Data'!B90="","Missing",LOWER(TRIM('Raw Data'!B90))) -> victor.okafor@gmail.com | C86: =IF('Raw Data'!C90="","Missing",TRIM('Raw Data'!C90)) -> 0681-570-8931 | D86: =IF('Raw Data'!D90="","Missing",PROPER(TRIM('Raw Data'!D90))) -> Port Harcourt | E86: =IF(ISNUMBER(SEARCH("/",'Raw Data'!E86)),DATE(VALUE(RIGHT('Raw Data'!E86,4)),VALUE(MID('Raw Data'!E86,4,2)),VALUE(LEFT('Raw Data'!E86,2))),DATE(VALUE(LEFT('Raw Data'!E86,4)),VALUE(MID('Raw Data'!E86,6,2)),VALUE(RIGHT('Raw Data'!E86,2)))) -> 45379 | F86: =PROPER('Raw Data'!F90) -> Smartphone | G86: 1 | H86: 250000 | I86: =G86*H86 -> 250000
A87: =PROPER(TRIM('Raw Data'!A92)) -> Fatima Eze | B87: =IF('Raw Data'!B92="","Missing",LOWER(TRIM('Raw Data'!B92))) -> fatima.eze@gmail.com | C87: =IF('Raw Data'!C92="","Missing",TRIM('Raw Data'!C92)) -> 0520-002-0101 | D87: =IF('Raw Data'!D92="","Missing",PROPER(TRIM('Raw Data'!D92))) -> Port Harcourt | E87: =IF(ISNUMBER(SEARCH("/",'Raw Data'!E87)),DATE(VALUE(RIGHT('Raw Data'!E87,4)),VALUE(MID('Raw Data'!E87,4,2)),VALUE(LEFT('Raw Data'!E87,2))),DATE(VALUE(LEFT('Raw Data'!E87,4)),VALUE(MID('Raw Data'!E87,6,2)),VALUE(RIGHT('Raw Data'!E87,2)))) -> 45394 | F87: =PROPER('Raw Data'!F92) -> Television | G87: 1 | H87: 300000 | I87: =G87*H87 -> 300000
A88: =PROPER(TRIM('Raw Data'!A93)) -> Ngozi Okafor | B88: =IF('Raw Data'!B93="","Missing",LOWER(TRIM('Raw Data'!B93))) -> ngozi.okafor@yahoo.com | C88: =IF('Raw Data'!C93="","Missing",TRIM('Raw Data'!C93)) -> 01858369492 | D88: =IF('Raw Data'!D93="","Missing",PROPER(TRIM('Raw Data'!D93))) -> Kano | E88: =IF(ISNUMBER(SEARCH("/",'Raw Data'!E88)),DATE(VALUE(RIGHT('Raw Data'!E88,4)),VALUE(MID('Raw Data'!E88,4,2)),VALUE(LEFT('Raw Data'!E88,2))),DATE(VALUE(LEFT('Raw Data'!E88,4)),VALUE(MID('Raw Data'!E88,6,2)),VALUE(RIGHT('Raw Data'!E88,2)))) -> 45410 | F88: =PROPER('Raw Data'!F93) -> Television | G88: 5 | H88: 300000 | I88: =G88*H88 -> 1500000
A89: =PROPER(TRIM('Raw Data'!A94)) -> Chukwudi Sanni | B89: =IF('Raw Data'!B94="","Missing",LOWER(TRIM('Raw Data'!B94))) -> chukwudi.sanni@gmail.com | C89: =IF('Raw Data'!C94="","Missing",TRIM('Raw Data'!C94)) -> 0687-731-3228 | D89: =IF('Raw Data'!D94="","Missing",PROPER(TRIM('Raw Data'!D94))) -> Lagos | E89: =IF(ISNUMBER(SEARCH("/",'Raw Data'!E89)),DATE(VALUE(RIGHT('Raw Data'!E89,4)),VALUE(MID('Raw Data'!E89,4,2)),VALUE(LEFT('Raw Data'!E89,2))),DATE(VALUE(LEFT('Raw Data'!E89,4)),VALUE(MID('Raw Data'!E89,6,2)),VALUE(RIGHT('Raw Data'!E89,2)))) -> 45342 | F89: =PROPER('Raw Data'!F94) -> Television | G89: 5 | H89: 300000 | I89: =G89*H89 -> 1500000
A90: =PROPER(TRIM('Raw Data'!A95)) -> Chukwudi Abubakar | B90: =IF('Raw Data'!B95="","Missing",LOWER(TRIM('Raw Data'!B95))) -> chukwudi.abubakar6@outlook.com | C90: =IF('Raw Data'!C95="","Missing",TRIM('Raw Data'!C95)) -> 0497-465-0752 | D90: =IF('Raw Data'!D95="","Missing",PROPER(TRIM('Raw Data'!D95))) -> Ibadan | E90: =IF(ISNUMBER(SEARCH("/",'Raw Data'!E90)),DATE(VALUE(RIGHT('Raw Data'!E90,4)),VALUE(MID('Raw Data'!E90,4,2)),VALUE(LEFT('Raw Data'!E90,2))),DATE(VALUE(LEFT('Raw Data'!E90,4)),VALUE(MID('Raw Data'!E90,6,2)),VALUE(RIGHT('Raw Data'!E90,2)))) -> 45451 | F90: =PROPER('Raw Data'!F95) -> Handbag | G90: 2 | H90: 5000 | I90: =G90*H90 -> 10000
A91: =PROPER(TRIM('Raw Data'!A96)) -> Chinedu Okoro | B91: =IF('Raw Data'!B96="","Missing",LOWER(TRIM('Raw Data'!B96))) -> chinedu.okoro@gmail.com | C91: =IF('Raw Data'!C96="","Missing",TRIM('Raw Data'!C96)) -> 03253659368 | D91: =IF('Raw Data'!D96="","Missing",PROPER(TRIM('Raw Data'!D96))) -> Kano | E91: =IF(ISNUMBER(SEARCH("/",'Raw Data'!E91)),DATE(VALUE(RIGHT('Raw Data'!E91,4)),VALUE(MID('Raw Data'!E91,4,2)),VALUE(LEFT('Raw Data'!E91,2))),DATE(VALUE(LEFT('Raw Data'!E91,4)),VALUE(MID('Raw Data'!E91,6,2)),VALUE(RIGHT('Raw Data'!E91,2)))) -> 45435 | F91: =PROPER('Raw Data'!F96) -> Handbag | G91: 4 | H91: 5000 | I91: =G91*H91 -> 20000
A92: =PROPER(TRIM('Raw Data'!A97)) -> Blessing Balogun | B92: =IF('Raw Data'!B97="","Missing",LOWER(TRIM('Raw Data'!B97))) -> blessing.balogun@gmail.com | C92: =IF('Raw Data'!C97="","Missing",TRIM('Raw Data'!C97)) -> 0098-326-3898 | D92: =IF('Raw Data'!D97="","Missing",PROPER(TRIM('Raw Data'!D97))) -> Ibadan | E92: =IF(ISNUMBER(SEARCH("/",'Raw Data'!E92)),DATE(VALUE(RIGHT('Raw Data'!E92,4)),VALUE(MID('Raw Data'!E92,4,2)),VALUE(LEFT('Raw Data'!E92,2))),DATE(VALUE(LEFT('Raw Data'!E92,4)),VALUE(MID('Raw Data'!E92,6,2)),VALUE(RIGHT('Raw Data'!E92,2)))) -> 45332 | F92: =PROPER('Raw Data'!F97) -> Laptop | G92: 5 | H92: 350000 | I92: =G92*H92 -> 1750000
A93: =PROPER(TRIM('Raw Data'!A98)) -> Emeka Eze | B93: =IF('Raw Data'!B98="","Missing",LOWER(TRIM('Raw Data'!B98))) -> emeka.eze@gmail.com | C93: =IF('Raw Data'!C98="","Missing",TRIM('Raw Data'!C98)) -> 0420-750-9619 | D93: =IF('Raw Data'!D98="","Missing",PROPER(TRIM('Raw Data'!D98))) -> Abuja | E93: =IF(ISNUMBER(SEARCH("/",'Raw Data'!E93)),DATE(VALUE(RIGHT('Raw Data'!E93,4)),VALUE(MID('Raw Data'!E93,4,2)),VALUE(LEFT('Raw Data'!E93,2))),DATE(VALUE(LEFT('Raw Data'!E93,4)),VALUE(MID('Raw Data'!E93,6,2)),VALUE(RIGHT('Raw Data'!E93,2)))) -> 45463 | F93: =PROPER('Raw Data'!F98) -> Blender | G93: 1 | H93: 10000 | I93: =G93*H93 -> 10000
A94: =PROPER(TRIM('Raw Data'!A99)) -> Tunde Nwachukwu | B94: =IF('Raw Data'!B99="","Missing",LOWER(TRIM('Raw Data'!B99))) -> tunde.nwachukwu@yahoo.com | C94: =IF('Raw Data'!C99="","Missing",TRIM('Raw Data'!C99)) -> 02611491316 | D94: =IF('Raw Data'!D99="","Missing",PROPER(TRIM('Raw Data'!D99))) -> Enugu | E94: =IF(ISNUMBER(SEARCH("/",'Raw Data'!E94)),DATE(VALUE(RIGHT('Raw Data'!E94,4)),VALUE(MID('Raw Data'!E94,4,2)),VALUE(LEFT('Raw Data'!E94,2))),DATE(VALUE(LEFT('Raw Data'!E94,4)),VALUE(MID('Raw Data'!E94,6,2)),VALUE(RIGHT('Raw Data'!E94,2)))) -> 45292 | F94: =PROPER('Raw Data'!F99) -> Smartphone | G94: 5 | H94: 250000 | I94: =G94*H94 -> 1250000
A95: =PROPER(TRIM('Raw Data'!A100)) -> Amina Okafor | B95: =IF('Raw Data'!B100="","Missing",LOWER(TRIM('Raw Data'!B100))) -> amina.okafor@outlook.com | C95: =IF('Raw Data'!C100="","Missing",TRIM('Raw Data'!C100)) -> 0603-699-6393 | D95: =IF('Raw Data'!D100="","Missing",PROPER(TRIM('Raw Data'!D100))) -> Enugu | E95: =IF(ISNUMBER(SEARCH("/",'Raw Data'!E95)),DATE(VALUE(RIGHT('Raw Data'!E95,4)),VALUE(MID('Raw Data'!E95,4,2)),VALUE(LEFT('Raw Data'!E95,2))),DATE(VALUE(LEFT('Raw Data'!E95,4)),VALUE(MID('Raw Data'!E95,6,2)),VALUE(RIGHT('Raw Data'!E95,2)))) -> 45428 | F95: =PROPER('Raw Data'!F100) -> Smartphone | G95: 2 | H95: 250000 | I95: =G95*H95 -> 500000
A96: =PROPER(TRIM('Raw Data'!A101)) -> Aisha Adekunle | B96: =IF('Raw Data'!B101="","Missing",LOWER(TRIM('Raw Data'!B101))) -> aisha.adekunle@gmail.com | C96: =IF('Raw Data'!C101="","Missing",TRIM('Raw Data'!C101)) -> 0062-611-6957 | D96: =IF('Raw Data'!D101="","Missing",PROPER(TRIM('Raw Data'!D101))) -> Abuja | E96: =IF(ISNUMBER(SEARCH("/",'Raw Data'!E96)),DATE(VALUE(RIGHT('Raw Data'!E96,4)),VALUE(MID('Raw Data'!E96,4,2)),VALUE(LEFT('Raw Data'!E96,2))),DATE(VALUE(LEFT('Raw Data'!E96,4)),VALUE(MID('Raw Data'!E96,6,2)),VALUE(RIGHT('Raw Data'!E96,2)))) -> 45373 | F96: =PROPER('Raw Data'!F101) -> Headphones | G96: 2 | H96: 70000 | I96: =G96*H96 -> 140000
A97: =PROPER(TRIM('Raw Data'!A102)) -> Bisi Bello | B97: =IF('Raw Data'!B102="","Missing",LOWER(TRIM('Raw Data'!B102))) -> Missing | C97: =IF('Raw Data'!C102="","Missing",TRIM('Raw Data'!C102)) -> 01836546107 | D97: =IF('Raw Data'!D102="","Missing",PROPER(TRIM('Raw Data'!D102))) -> Kano | E97: =IF(ISNUMBER(SEARCH("/",'Raw Data'!E97)),DATE(VALUE(RIGHT('Raw Data'!E97,4)),VALUE(MID('Raw Data'!E97,4,2)),VALUE(LEFT('Raw Data'!E97,2))),DATE(VALUE(LEFT('Raw Data'!E97,4)),VALUE(MID('Raw Data'!E97,6,2)),VALUE(RIGHT('Raw Data'!E97,2)))) -> 45413 | F97: =PROPER('Raw Data'!F102) -> Television | G97: 2 | H97: 300000 | I97: =G97*H97 -> 600000
A98: =PROPER(TRIM('Raw Data'!A104)) -> Aisha Ibrahim | B98: =IF('Raw Data'!B104="","Missing",LOWER(TRIM('Raw Data'!B104))) -> aisha.ibrahim@outlook.com | C98: =IF('Raw Data'!C104="","Missing",TRIM('Raw Data'!C104)) -> 0505-877-0658 | D98: =IF('Raw Data'!D104="","Missing",PROPER(TRIM('Raw Data'!D104))) -> Kano | E98: =IF(ISNUMBER(SEARCH("/",'Raw Data'!E98)),DATE(VALUE(RIGHT('Raw Data'!E98,4)),VALUE(MID('Raw Data'!E98,4,2)),VALUE(LEFT('Raw Data'!E98,2))),DATE(VALUE(LEFT('Raw Data'!E98,4)),VALUE(MID('Raw Data'!E98,6,2)),VALUE(RIGHT('Raw Data'!E98,2)))) -> 45463 | F98: =PROPER('Raw Data'!F104) -> Sneakers | G98: 4 | H98: 40000 | I98: =G98*H98 -> 160000
A99: =PROPER(TRIM('Raw Data'!A105)) -> Chinedu Okafor | B99: =IF('Raw Data'!B105="","Missing",LOWER(TRIM('Raw Data'!B105))) -> chinedu.okafor@outlook.com | C99: =IF('Raw Data'!C105="","Missing",TRIM('Raw Data'!C105)) -> 0387-371-6786 | D99: =IF('Raw Data'!D105="","Missing",PROPER(TRIM('Raw Data'!D105))) -> Port Harcourt | E99: =IF(ISNUMBER(SEARCH("/",'Raw Data'!E99)),DATE(VALUE(RIGHT('Raw Data'!E99,4)),VALUE(MID('Raw Data'!E99,4,2)),VALUE(LEFT('Raw Data'!E99,2))),DATE(VALUE(LEFT('Raw Data'!E99,4)),VALUE(MID('Raw Data'!E99,6,2)),VALUE(RIGHT('Raw Data'!E99,2)))) -> 45310 | F99: =PROPER('Raw Data'!F105) -> Handbag | G99: 2 | H99: 5000 | I99: =G99*H99 -> 10000
A100: =PROPER(TRIM('Raw Data'!A106)) -> Chiamaka Balogun | B100: =IF('Raw Data'!B106="","Missing",LOWER(TRIM('Raw Data'!B106))) -> Missing | C100: =IF('Raw Data'!C106="","Missing",TRIM('Raw Data'!C106)) -> 0483-478-2450 | D100: =IF('Raw Data'!D106="","Missing",PROPER(TRIM('Raw Data'!D106))) -> Lagos | E100: =IF(ISNUMBER(SEARCH("/",'Raw Data'!E100)),DATE(VALUE(RIGHT('Raw Data'!E100,4)),VALUE(MID('Raw Data'!E100,4,2)),VALUE(LEFT('Raw Data'!E100,2))),DATE(VALUE(LEFT('Raw Data'!E100,4)),VALUE(MID('Raw Data'!E100,6,2)),VALUE(RIGHT('Raw Data'!E100,2)))) -> 45436 | F100: =PROPER('Raw Data'!F106) -> Laptop | G100: 5 | H100: 350000 | I100: =G100*H100 -> 1750000
A101: =PROPER(TRIM('Raw Data'!A107)) -> Blessing Okonkwo | B101: =IF('Raw Data'!B107="","Missing",LOWER(TRIM('Raw Data'!B107))) -> blessing.okonkwo96@gmail.com | C101: =IF('Raw Data'!C107="","Missing",TRIM('Raw Data'!C107)) -> 04005717279 | D101: =IF('Raw Data'!D107="","Missing",PROPER(TRIM('Raw Data'!D107))) -> Kano | E101: =IF(ISNUMBER(SEARCH("/",'Raw Data'!E101)),DATE(VALUE(RIGHT('Raw Data'!E101,4)),VALUE(MID('Raw Data'!E101,4,2)),VALUE(LEFT('Raw Data'!E101,2))),DATE(VALUE(LEFT('Raw Data'!E101,4)),VALUE(MID('Raw Data'!E101,6,2)),VALUE(RIGHT('Raw Data'!E101,2)))) -> 45440 | F101: =PROPER('Raw Data'!F107) -> Handbag | G101: 2 | H101: 5000 | I101: =G101*H101 -> 10000
A102: =PROPER(TRIM('Raw Data'!A108)) -> Tobi Lawal | B102: =IF('Raw Data'!B108="","Missing",LOWER(TRIM('Raw Data'!B108))) -> tobi.lawal@yahoo.com | C102: =IF('Raw Data'!C108="","Missing",TRIM('Raw Data'!C108)) -> Missing | D102: =IF('Raw Data'!D108="","Missing",PROPER(TRIM('Raw Data'!D108))) -> Port Harcourt | E102: =IF(ISNUMBER(SEARCH("/",'Raw Data'!E102)),DATE(VALUE(RIGHT('Raw Data'!E102,4)),VALUE(MID('Raw Data'!E102,4,2)),VALUE(LEFT('Raw Data'!E102,2))),DATE(VALUE(LEFT('Raw Data'!E102,4)),VALUE(MID('Raw Data'!E102,6,2)),VALUE(RIGHT('Raw Data'!E102,2)))) -> 45446 | F102: =PROPER('Raw Data'!F108) -> Laptop | G102: 1 | H102: 350000 | I102: =G102*H102 -> 350000
A103: =PROPER(TRIM('Raw Data'!A109)) -> Damilola Yusuf | B103: =IF('Raw Data'!B109="","Missing",LOWER(TRIM('Raw Data'!B109))) -> damilola.yusuf@gmail.com | C103: =IF('Raw Data'!C109="","Missing",TRIM('Raw Data'!C109)) -> 0436-700-6638 | D103: =IF('Raw Data'!D109="","Missing",PROPER(TRIM('Raw Data'!D109))) -> Missing | E103: =IF(ISNUMBER(SEARCH("/",'Raw Data'!E103)),DATE(VALUE(RIGHT('Raw Data'!E103,4)),VALUE(MID('Raw Data'!E103,4,2)),VALUE(LEFT('Raw Data'!E103,2))),DATE(VALUE(LEFT('Raw Data'!E103,4)),VALUE(MID('Raw Data'!E103,6,2)),VALUE(RIGHT('Raw Data'!E103,2)))) -> 45295 | F103: =PROPER('Raw Data'!F109) -> Laptop | G103: 2 | H103: 350000 | I103: =G103*H103 -> 700000
A104: =PROPER(TRIM('Raw Data'!A112)) -> Abdullahi Bello | B104: =IF('Raw Data'!B112="","Missing",LOWER(TRIM('Raw Data'!B112))) -> abdullahi.bello@yahoo.com | C104: =IF('Raw Data'!C112="","Missing",TRIM('Raw Data'!C112)) -> 0632-122-3307 | D104: =IF('Raw Data'!D112="","Missing",PROPER(TRIM('Raw Data'!D112))) -> Abuja | E104: =IF(ISNUMBER(SEARCH("/",'Raw Data'!E104)),DATE(VALUE(RIGHT('Raw Data'!E104,4)),VALUE(MID('Raw Data'!E104,4,2)),VALUE(LEFT('Raw Data'!E104,2))),DATE(VALUE(LEFT('Raw Data'!E104,4)),VALUE(MID('Raw Data'!E104,6,2)),VALUE(RIGHT('Raw Data'!E104,2)))) -> 45438 | F104: =PROPER('Raw Data'!F112) -> Blender | G104: 3 | H104: 10000 | I104: =G104*H104 -> 30000
A105: =PROPER(TRIM('Raw Data'!A113)) -> Funke Umeh | B105: =IF('Raw Data'!B113="","Missing",LOWER(TRIM('Raw Data'!B113))) -> funke.umeh@outlook.com | C105: =IF('Raw Data'!C113="","Missing",TRIM('Raw Data'!C113)) -> 05393363387 | D105: =IF('Raw Data'!D113="","Missing",PROPER(TRIM('Raw Data'!D113))) -> Lagos | E105: =IF(ISNUMBER(SEARCH("/",'Raw Data'!E105)),DATE(VALUE(RIGHT('Raw Data'!E105,4)),VALUE(MID('Raw Data'!E105,4,2)),VALUE(LEFT('Raw Data'!E105,2))),DATE(VALUE(LEFT('Raw Data'!E105,4)),VALUE(MID('Raw Data'!E105,6,2)),VALUE(RIGHT('Raw Data'!E105,2)))) -> 45406 | F105: =PROPER('Raw Data'!F113) -> Headphones | G105: 5 | H105: 70000 | I105: =G105*H105 -> 350000
A106: =PROPER(TRIM('Raw Data'!A114)) -> Victor Lawal | B106: =IF('Raw Data'!B114="","Missing",LOWER(TRIM('Raw Data'!B114))) -> victor.lawal@yahoo.com | C106: =IF('Raw Data'!C114="","Missing",TRIM('Raw Data'!C114)) -> Missing | D106: =IF('Raw Data'!D114="","Missing",PROPER(TRIM('Raw Data'!D114))) -> Kano | E106: =IF(ISNUMBER(SEARCH("/",'Raw Data'!E106)),DATE(VALUE(RIGHT('Raw Data'!E106,4)),VALUE(MID('Raw Data'!E106,4,2)),VALUE(LEFT('Raw Data'!E106,2))),DATE(VALUE(LEFT('Raw Data'!E106,4)),VALUE(MID('Raw Data'!E106,6,2)),VALUE(RIGHT('Raw Data'!E106,2)))) -> 45339 | F106: =PROPER('Raw Data'!F114) -> Handbag | G106: 5 | H106: 5000 | I106: =G106*H106 -> 25000

Sheet Pivot Summary
A1: Pivot Summary
A2: Pivot Summary is linked to the Dashboard
A3: Product | B3: Count of Amount | G3: Row Labels | H3: Sum of Amount
A4: Blender | B4: 14 | G4: Jan | H4: 11620000
A5: Handbag | B5: 14 | G5: Feb | H5: 10175000
A6: Headphones | B6: 11 | G6: Mar | H6: 1120000
A7: Laptop | B7: 16 | G7: Apr | H7: 6125000
A8: Smartphone | B8: 15 | G8: May | H8: 11465000
A9: Sneakers | B9: 7 | G9: Jun | H9: 3930000
A10: Television | B10: 11 | G10: Grand Total | H10: 44435000
A11: Wrist Watch | B11: 17
A13: Row Labels | B13: Sum of Amount | G13: Count of Amount | H13: Column Labels
A14: Abuja | B14: 3705000 | G14: Row Labels | H14: Blender | I14: Handbag | J14: Headphones | K14: Laptop | L14: Smartphone | M14: Sneakers | N14: Television | O14: Wrist Watch | P14: Grand Total
A15: Enugu | B15: 3605000 | G15: Abuja | H15: 5 | I15: 1 | J15: 3 | K15: 1 | M15: 2 | N15: 2 | O15: 4 | P15: 18
A16: Ibadan | B16: 5160000 | G16: Enugu | H16: 2 | I16: 1 | L16: 4 | O16: 3 | P16: 10
A17: Kano | B17: 5980000 | G17: Ibadan | H17: 2 | I17: 3 | J17: 1 | K17: 2 | L17: 3 | M17: 1 | N17: 1 | O17: 1 | P17: 14
A18: Lagos | B18: 9910000 | G18: Kano | H18: 2 | I18: 5 | J18: 1 | L18: 3 | M18: 2 | N18: 2 | O18: 6 | P18: 21
A19: Missing | B19: 2605000 | G19: Lagos | H19: 2 | I19: 2 | J19: 5 | K19: 3 | M19: 1 | N19: 4 | O19: 1 | P19: 18
A20: Port Harcourt | B20: 13470000 | G20: Missing | I20: 1 | K20: 2 | L20: 2 | M20: 1 | P20: 6
A21: (blank) | G21: Port Harcourt | H21: 1 | I21: 1 | J21: 1 | K21: 8 | L21: 3 | N21: 2 | O21: 2 | P21: 18
A22: Grand Total | B22: 44435000 | G22: Grand Total | H22: 14 | I22: 14 | J22: 11 | K22: 16 | L22: 15 | M22: 7 | N22: 11 | O22: 17 | P22: 105

Sheet Dashboard
A1: GreenLeaf Retail Nigeria- Sales Dashboard
A3: Jan- Jun 2026 | Dashboard is linked to the Pivot Summary
A5: Total Sales (NGN) | E5: Total Orders | I5: Total Units Sold | M5: Average Order Value (NGN)
A6: =SUM('Cleaned Data'!I2:I106) -> 44435000 | E6: =COUNT('Cleaned Data'!G2:G106) -> 105 | I6: =SUM('Cleaned Data'!G2:G106) -> 340 | M6: =AVERAGE('Cleaned Data'!I2:I106) -> 423190.48
